{
  "0": {
    "precision": 0.8653846153846154,
    "recall": 0.7377049180327869,
    "f1-score": 0.7964601769911505,
    "support": 61.0
  },
  "1": {
    "precision": 0.8,
    "recall": 0.7536231884057971,
    "f1-score": 0.7761194029850746,
    "support": 138.0
  },
  "2": {
    "precision": 0.7184466019417476,
    "recall": 0.74,
    "f1-score": 0.729064039408867,
    "support": 100.0
  },
  "3": {
    "precision": 0.4696969696969697,
    "recall": 0.31958762886597936,
    "f1-score": 0.3803680981595092,
    "support": 97.0
  },
  "4": {
    "precision": 0.7738095238095238,
    "recall": 0.7386363636363636,
    "f1-score": 0.7558139534883721,
    "support": 88.0
  },
  "5": {
    "precision": 0.7037037037037037,
    "recall": 0.4523809523809524,
    "f1-score": 0.5507246376811594,
    "support": 42.0
  },
  "6": {
    "precision": 0.7578947368421053,
    "recall": 0.9113924050632911,
    "f1-score": 0.8275862068965517,
    "support": 158.0
  },
  "8": {
    "precision": 0.5633802816901409,
    "recall": 0.7476635514018691,
    "f1-score": 0.642570281124498,
    "support": 107.0
  },
  "9": {
    "precision": 0.4,
    "recall": 0.41379310344827586,
    "f1-score": 0.4067796610169492,
    "support": 29.0
  },
  "10": {
    "precision": 0.375,
    "recall": 0.21428571428571427,
    "f1-score": 0.2727272727272727,
    "support": 14.0
  },
  "11": {
    "precision": 0.625,
    "recall": 0.6470588235294118,
    "f1-score": 0.6358381502890174,
    "support": 85.0
  },
  "12": {
    "precision": 1.0,
    "recall": 0.23529411764705882,
    "f1-score": 0.38095238095238093,
    "support": 17.0
  },
  "13": {
    "precision": 0.6855345911949685,
    "recall": 0.9159663865546218,
    "f1-score": 0.7841726618705036,
    "support": 119.0
  },
  "14": {
    "precision": 0.6363636363636364,
    "recall": 0.5436893203883495,
    "f1-score": 0.5863874345549738,
    "support": 103.0
  },
  "15": {
    "precision": 0.7142857142857143,
    "recall": 0.3448275862068966,
    "f1-score": 0.46511627906976744,
    "support": 29.0
  },
  "16": {
    "precision": 0.5588235294117647,
    "recall": 0.2878787878787879,
    "f1-score": 0.38,
    "support": 66.0
  },
  "17": {
    "precision": 0.515625,
    "recall": 0.3793103448275862,
    "f1-score": 0.4370860927152318,
    "support": 87.0
  },
  "18": {
    "precision": 0.2996845425867508,
    "recall": 0.36538461538461536,
    "f1-score": 0.3292894280762565,
    "support": 260.0
  },
  "accuracy": 0.59875,
  "macro avg": {
    "precision": 0.636812969272869,
    "recall": 0.5415821004410198,
    "f1-score": 0.5631697865559742,
    "support": 1600.0
  },
  "weighted avg": {
    "precision": 0.6079666535197543,
    "recall": 0.59875,
    "f1-score": 0.591692595343487,
    "support": 1600.0
  }
}