{
  "0": {
    "precision": 0.7894736842105263,
    "recall": 0.7377049180327869,
    "f1-score": 0.7627118644067796,
    "support": 61.0
  },
  "1": {
    "precision": 0.8203125,
    "recall": 0.7608695652173914,
    "f1-score": 0.7894736842105263,
    "support": 138.0
  },
  "2": {
    "precision": 0.7524752475247525,
    "recall": 0.76,
    "f1-score": 0.7562189054726368,
    "support": 100.0
  },
  "3": {
    "precision": 0.5,
    "recall": 0.27835051546391754,
    "f1-score": 0.3576158940397351,
    "support": 97.0
  },
  "4": {
    "precision": 0.7764705882352941,
    "recall": 0.75,
    "f1-score": 0.7630057803468208,
    "support": 88.0
  },
  "5": {
    "precision": 0.7333333333333333,
    "recall": 0.5238095238095238,
    "f1-score": 0.6111111111111112,
    "support": 42.0
  },
  "6": {
    "precision": 0.7461139896373057,
    "recall": 0.9113924050632911,
    "f1-score": 0.8205128205128205,
    "support": 158.0
  },
  "8": {
    "precision": 0.5827338129496403,
    "recall": 0.7570093457943925,
    "f1-score": 0.6585365853658537,
    "support": 107.0
  },
  "9": {
    "precision": 0.41379310344827586,
    "recall": 0.41379310344827586,
    "f1-score": 0.41379310344827586,
    "support": 29.0
  },
  "10": {
    "precision": 0.375,
    "recall": 0.21428571428571427,
    "f1-score": 0.2727272727272727,
    "support": 14.0
  },
  "11": {
    "precision": 0.6875,
    "recall": 0.6470588235294118,
    "f1-score": 0.6666666666666666,
    "support": 85.0
  },
  "12": {
    "precision": 1.0,
    "recall": 0.23529411764705882,
    "f1-score": 0.38095238095238093,
    "support": 17.0
  },
  "13": {
    "precision": 0.6858974358974359,
    "recall": 0.8991596638655462,
    "f1-score": 0.7781818181818182,
    "support": 119.0
  },
  "14": {
    "precision": 0.6304347826086957,
    "recall": 0.5631067961165048,
    "f1-score": 0.5948717948717949,
    "support": 103.0
  },
  "15": {
    "precision": 0.75,
    "recall": 0.3103448275862069,
    "f1-score": 0.43902439024390244,
    "support": 29.0
  },
  "16": {
    "precision": 0.5,
    "recall": 0.30303030303030304,
    "f1-score": 0.37735849056603776,
    "support": 66.0
  },
  "17": {
    "precision": 0.4925373134328358,
    "recall": 0.3793103448275862,
    "f1-score": 0.42857142857142855,
    "support": 87.0
  },
  "18": {
    "precision": 0.3292307692307692,
    "recall": 0.4115384615384615,
    "f1-score": 0.3658119658119658,
    "support": 260.0
  },
  "accuracy": 0.60875,
  "macro avg": {
    "precision": 0.6425170311393813,
    "recall": 0.547558801625354,
    "f1-score": 0.5687303309726571,
    "support": 1600.0
  },
  "weighted avg": {
    "precision": 0.6168258177196727,
    "recall": 0.60875,
    "f1-score": 0.6009810645744189,
    "support": 1600.0
  }
}