{
  "0": {
    "precision": 0.43478260869565216,
    "recall": 0.4918032786885246,
    "f1-score": 0.46153846153846156,
    "support": 61.0
  },
  "1": {
    "precision": 0.65,
    "recall": 0.6594202898550725,
    "f1-score": 0.6546762589928058,
    "support": 138.0
  },
  "2": {
    "precision": 0.5,
    "recall": 0.47,
    "f1-score": 0.4845360824742268,
    "support": 100.0
  },
  "3": {
    "precision": 0.5714285714285714,
    "recall": 0.5773195876288659,
    "f1-score": 0.5743589743589743,
    "support": 97.0
  },
  "4": {
    "precision": 0.6619718309859155,
    "recall": 0.5340909090909091,
    "f1-score": 0.5911949685534591,
    "support": 88.0
  },
  "5": {
    "precision": 0.8529411764705882,
    "recall": 0.6904761904761905,
    "f1-score": 0.7631578947368421,
    "support": 42.0
  },
  "6": {
    "precision": 0.3945945945945946,
    "recall": 0.4620253164556962,
    "f1-score": 0.42565597667638483,
    "support": 158.0
  },
  "8": {
    "precision": 0.32038834951456313,
    "recall": 0.308411214953271,
    "f1-score": 0.3142857142857143,
    "support": 107.0
  },
  "9": {
    "precision": 0.76,
    "recall": 0.6551724137931034,
    "f1-score": 0.7037037037037037,
    "support": 29.0
  },
  "10": {
    "precision": 0.625,
    "recall": 0.35714285714285715,
    "f1-score": 0.45454545454545453,
    "support": 14.0
  },
  "11": {
    "precision": 0.6103896103896104,
    "recall": 0.5529411764705883,
    "f1-score": 0.5802469135802469,
    "support": 85.0
  },
  "12": {
    "precision": 0.75,
    "recall": 0.5294117647058824,
    "f1-score": 0.6206896551724138,
    "support": 17.0
  },
  "13": {
    "precision": 0.7619047619047619,
    "recall": 0.8067226890756303,
    "f1-score": 0.7836734693877551,
    "support": 119.0
  },
  "14": {
    "precision": 0.6813186813186813,
    "recall": 0.6019417475728155,
    "f1-score": 0.6391752577319587,
    "support": 103.0
  },
  "15": {
    "precision": 0.4,
    "recall": 0.3448275862068966,
    "f1-score": 0.37037037037037035,
    "support": 29.0
  },
  "16": {
    "precision": 0.6101694915254238,
    "recall": 0.5454545454545454,
    "f1-score": 0.576,
    "support": 66.0
  },
  "17": {
    "precision": 0.5647058823529412,
    "recall": 0.5517241379310345,
    "f1-score": 0.5581395348837209,
    "support": 87.0
  },
  "18": {
    "precision": 0.3624161073825503,
    "recall": 0.4153846153846154,
    "f1-score": 0.3870967741935484,
    "support": 260.0
  },
  "accuracy": 0.52875,
  "macro avg": {
    "precision": 0.5840006481424364,
    "recall": 0.5307927956048055,
    "f1-score": 0.5523914147325578,
    "support": 1600.0
  },
  "weighted avg": {
    "precision": 0.5399057839324939,
    "recall": 0.52875,
    "f1-score": 0.5320759967143538,
    "support": 1600.0
  }
}